#qw,qx,qy,qz,rx,ry,rz
0.500000,0.500000,-0.500000,-0.500000,1.000000,0.000000,0.000000
